Model,Average R²,Average RMSE
Linear Regression,0.8443310017501684,13.572926961014034
Polynomial Regression,0.8362257684377635,13.82532118659737
XGBoost,0.8218046749378237,14.498862378029392
Gradient Boosting,0.8216130876625106,14.627263736384291
Random Forest,0.7839846284560963,15.072380895506996
Extra Trees,0.7790558026611949,15.195707089732702
